dateCreated,hours,sessions,quotes,transactions,sessionConversion,quoteConversion
01/10/2024,23,296,109,6,0.02027027,0.055045872
01/10/2024,22,380,169,19,0.05,0.112426036
01/10/2024,21,492,212,23,0.046747967,0.108490566
01/10/2024,20,456,247,24,0.052631579,0.097165992
01/10/2024,19,483,241,22,0.045548654,0.091286307
01/10/2024,18,491,280,27,0.054989817,0.096428571
01/10/2024,17,568,302,42,0.073943662,0.139072848
01/10/2024,16,570,307,28,0.049122807,0.091205212
01/10/2024,15,622,350,42,0.067524116,0.12
01/10/2024,14,605,304,36,0.059504132,0.118421053
01/10/2024,13,634,355,57,0.089905363,0.16056338
01/10/2024,12,642,362,48,0.074766355,0.132596685
01/10/2024,11,627,328,42,0.066985646,0.12804878
01/10/2024,10,644,331,70,0.108695652,0.211480363
01/10/2024,9,574,297,43,0.074912892,0.144781145
01/10/2024,8,413,193,16,0.03874092,0.082901554
01/10/2024,7,290,102,4,0.013793103,0.039215686
01/10/2024,6,209,49,1,0.004784689,0.020408163
01/10/2024,5,202,41,4,0.01980198,0.097560976
01/10/2024,4,196,22,0,0,0
01/10/2024,3,172,12,0,0,0
01/10/2024,2,1068,885,0,0,0
01/10/2024,1,302,36,0,0,0
01/10/2024,0,836,47,4,0.004784689,0.085106383
02/10/2024,23,297,108,9,0.03030303,0.083333333
02/10/2024,22,371,186,22,0.059299191,0.11827957
02/10/2024,21,399,214,13,0.032581454,0.060747664
02/10/2024,20,425,215,16,0.037647059,0.074418605
02/10/2024,19,475,249,29,0.061052632,0.116465863
02/10/2024,18,475,222,23,0.048421053,0.103603604
02/10/2024,17,547,298,25,0.045703839,0.083892617
02/10/2024,16,645,319,43,0.066666667,0.134796238
02/10/2024,15,600,334,33,0.055,0.098802395
02/10/2024,14,599,300,39,0.065108514,0.13
02/10/2024,13,613,310,35,0.057096248,0.112903226
02/10/2024,12,697,365,54,0.077474892,0.147945205
02/10/2024,11,623,347,58,0.093097913,0.167146974
02/10/2024,10,619,340,44,0.071082391,0.129411765
02/10/2024,9,572,303,42,0.073426573,0.138613861
02/10/2024,8,429,221,24,0.055944056,0.108597285
02/10/2024,7,305,88,6,0.019672131,0.068181818
02/10/2024,6,221,49,2,0.009049774,0.040816327
02/10/2024,5,199,31,0,0,0
02/10/2024,4,173,23,2,0.011560694,0.086956522
02/10/2024,3,175,14,0,0,0
02/10/2024,2,200,26,0,0,0
02/10/2024,1,208,41,1,0.004807692,0.024390244
02/10/2024,0,567,50,2,0.003527337,0.04
03/10/2024,23,254,78,6,0.023622047,0.076923077
03/10/2024,22,363,181,18,0.049586777,0.099447514
03/10/2024,21,411,208,21,0.051094891,0.100961538
03/10/2024,20,430,206,16,0.037209302,0.077669903
03/10/2024,19,385,195,20,0.051948052,0.102564103
03/10/2024,18,443,208,22,0.0496614,0.105769231
03/10/2024,17,486,243,18,0.037037037,0.074074074
03/10/2024,16,539,313,38,0.070500928,0.121405751
03/10/2024,15,494,258,32,0.064777328,0.124031008
03/10/2024,14,513,282,29,0.056530214,0.102836879
03/10/2024,13,542,304,34,0.062730627,0.111842105
03/10/2024,12,555,322,36,0.064864865,0.111801242
03/10/2024,11,562,317,51,0.090747331,0.160883281
03/10/2024,10,581,316,47,0.080895009,0.148734177
03/10/2024,9,523,275,40,0.076481836,0.145454545
03/10/2024,8,424,193,15,0.035377358,0.077720207
03/10/2024,7,288,106,7,0.024305556,0.066037736
03/10/2024,6,211,48,3,0.014218009,0.0625
03/10/2024,5,168,22,1,0.005952381,0.045454545
03/10/2024,4,169,18,1,0.00591716,0.055555556
03/10/2024,3,144,15,0,0,0
03/10/2024,2,157,20,2,0.012738854,0.1
03/10/2024,1,190,27,3,0.015789474,0.111111111
03/10/2024,0,554,41,2,0.003610108,0.048780488
04/10/2024,23,224,68,3,0.013392857,0.044117647
04/10/2024,22,278,113,3,0.010791367,0.026548673
04/10/2024,21,299,101,14,0.046822742,0.138613861
04/10/2024,20,340,118,12,0.035294118,0.101694915
04/10/2024,19,374,149,10,0.026737968,0.067114094
04/10/2024,18,361,176,16,0.04432133,0.090909091
04/10/2024,17,398,197,23,0.057788945,0.116751269
04/10/2024,16,469,223,20,0.042643923,0.089686099
04/10/2024,15,544,337,32,0.058823529,0.09495549
04/10/2024,14,529,297,28,0.052930057,0.094276094
04/10/2024,13,564,323,28,0.04964539,0.086687307
04/10/2024,12,523,308,36,0.068833652,0.116883117
04/10/2024,11,539,307,41,0.07606679,0.133550489
04/10/2024,10,591,302,45,0.076142132,0.149006623
04/10/2024,9,513,274,30,0.058479532,0.109489051
04/10/2024,8,414,169,24,0.057971014,0.142011834
04/10/2024,7,255,70,7,0.02745098,0.1
04/10/2024,6,206,45,2,0.009708738,0.044444444
04/10/2024,5,153,15,0,0,0
04/10/2024,4,158,21,1,0.006329114,0.047619048
04/10/2024,3,160,17,0,0,0
04/10/2024,2,189,11,1,0.005291005,0.090909091
04/10/2024,1,238,20,0,0,0
04/10/2024,0,597,45,5,0.008375209,0.111111111
05/10/2024,23,238,53,0,0,0
05/10/2024,22,298,98,3,0.010067114,0.030612245
05/10/2024,21,330,130,4,0.012121212,0.030769231
05/10/2024,20,330,106,8,0.024242424,0.075471698
05/10/2024,19,332,126,7,0.021084337,0.055555556
05/10/2024,18,361,164,6,0.016620499,0.036585366
05/10/2024,17,397,193,7,0.017632242,0.03626943
05/10/2024,16,411,190,10,0.0243309,0.052631579
05/10/2024,15,428,207,18,0.042056075,0.086956522
05/10/2024,14,452,195,15,0.033185841,0.076923077
05/10/2024,13,451,235,19,0.042128603,0.080851064
05/10/2024,12,444,245,26,0.058558559,0.106122449
05/10/2024,11,486,271,28,0.057613169,0.103321033
05/10/2024,10,406,205,27,0.066502463,0.131707317
05/10/2024,9,375,182,17,0.045333333,0.093406593
05/10/2024,8,314,140,3,0.00955414,0.021428571
05/10/2024,7,225,63,1,0.004444444,0.015873016
05/10/2024,6,172,26,0,0,0
05/10/2024,5,153,22,1,0.006535948,0.045454545
05/10/2024,4,150,13,0,0,0
05/10/2024,3,151,14,1,0.006622517,0.071428571
05/10/2024,2,160,28,1,0.00625,0.035714286
05/10/2024,1,192,16,0,0,0
05/10/2024,0,602,39,0,0,0
06/10/2024,23,261,102,12,0.045977011,0.117647059
06/10/2024,22,341,157,13,0.038123167,0.082802548
06/10/2024,21,417,220,24,0.057553957,0.109090909
06/10/2024,20,461,242,29,0.062906725,0.119834711
06/10/2024,19,436,233,27,0.061926606,0.115879828
06/10/2024,18,462,266,18,0.038961039,0.067669173
06/10/2024,17,490,262,25,0.051020408,0.095419847
06/10/2024,16,434,231,20,0.046082949,0.086580087
06/10/2024,15,458,209,22,0.048034934,0.105263158
06/10/2024,14,452,221,25,0.055309735,0.113122172
06/10/2024,13,444,227,29,0.065315315,0.127753304
06/10/2024,12,473,253,28,0.059196617,0.110671937
06/10/2024,11,408,194,22,0.053921569,0.113402062
06/10/2024,10,379,196,15,0.039577836,0.076530612
06/10/2024,9,355,152,11,0.030985915,0.072368421
06/10/2024,8,306,114,5,0.016339869,0.043859649
06/10/2024,7,220,55,1,0.004545455,0.018181818
06/10/2024,6,156,17,0,0,0
06/10/2024,5,143,10,0,0,0
06/10/2024,4,155,11,0,0,0
06/10/2024,3,137,8,0,0,0
06/10/2024,2,154,18,0,0,0
06/10/2024,1,187,17,1,0.005347594,0.058823529
06/10/2024,0,613,32,0,0,0
07/10/2024,23,283,135,12,0.042402827,0.088888889
07/10/2024,22,373,195,17,0.045576408,0.087179487
07/10/2024,21,477,284,17,0.035639413,0.059859155
07/10/2024,20,483,234,25,0.051759834,0.106837607
07/10/2024,19,467,245,25,0.053533191,0.102040816
07/10/2024,18,487,288,25,0.051334702,0.086805556
07/10/2024,17,564,289,35,0.062056738,0.121107266
07/10/2024,16,593,387,43,0.072512648,0.111111111
07/10/2024,15,605,387,59,0.097520661,0.15245478
07/10/2024,14,627,408,37,0.059011164,0.090686275
07/10/2024,13,663,364,45,0.067873303,0.123626374
07/10/2024,12,638,383,47,0.073667712,0.122715405
07/10/2024,11,651,391,64,0.098310292,0.163682864
07/10/2024,10,675,406,47,0.06962963,0.115763547
07/10/2024,9,567,276,32,0.05643739,0.115942029
07/10/2024,8,417,188,22,0.052757794,0.117021277
07/10/2024,7,277,85,10,0.036101083,0.117647059
07/10/2024,6,195,51,1,0.005128205,0.019607843
07/10/2024,5,167,34,1,0.005988024,0.029411765
07/10/2024,4,164,19,0,0,0
07/10/2024,3,138,13,0,0,0
07/10/2024,2,155,16,0,0,0
07/10/2024,1,186,30,0,0,0
07/10/2024,0,562,55,3,0.005338078,0.054545455
08/10/2024,23,245,128,9,0.036734694,0.0703125
08/10/2024,22,299,163,11,0.036789298,0.067484663
08/10/2024,21,390,259,28,0.071794872,0.108108108
08/10/2024,20,443,270,28,0.063205418,0.103703704
08/10/2024,19,437,277,26,0.059496568,0.093862816
08/10/2024,18,484,290,37,0.076446281,0.127586207
08/10/2024,17,478,303,54,0.112970711,0.178217822
08/10/2024,16,542,353,55,0.101476015,0.155807365
08/10/2024,15,536,388,56,0.104477612,0.144329897
08/10/2024,14,560,342,52,0.092857143,0.152046784
08/10/2024,13,557,380,63,0.113105925,0.165789474
08/10/2024,12,642,367,56,0.087227414,0.152588556
08/10/2024,11,594,383,69,0.116161616,0.180156658
08/10/2024,10,587,358,62,0.105621806,0.173184358
08/10/2024,9,562,346,51,0.090747331,0.147398844
08/10/2024,8,395,232,19,0.048101266,0.081896552
08/10/2024,7,215,97,7,0.03255814,0.072164948
08/10/2024,6,153,54,1,0.006535948,0.018518519
08/10/2024,5,111,30,1,0.009009009,0.033333333
08/10/2024,4,108,21,0,0,0
08/10/2024,3,111,11,0,0,0
08/10/2024,2,973,895,0,0,0
08/10/2024,1,135,43,2,0.014814815,0.046511628
08/10/2024,0,536,72,4,0.007462687,0.055555556
09/10/2024,23,212,90,8,0.037735849,0.088888889
09/10/2024,22,300,144,13,0.043333333,0.090277778
09/10/2024,21,364,208,12,0.032967033,0.057692308
09/10/2024,20,410,250,27,0.065853659,0.108
09/10/2024,19,430,262,29,0.06744186,0.110687023
09/10/2024,18,447,235,22,0.049217002,0.093617021
09/10/2024,17,457,257,25,0.054704595,0.097276265
09/10/2024,16,595,355,51,0.085714286,0.143661972
09/10/2024,15,593,328,36,0.060708263,0.109756098
09/10/2024,14,549,360,41,0.074681239,0.113888889
09/10/2024,13,609,390,56,0.091954023,0.143589744
09/10/2024,12,586,374,67,0.114334471,0.179144385
09/10/2024,11,576,345,64,0.111111111,0.185507246
09/10/2024,10,637,385,51,0.080062794,0.132467532
09/10/2024,9,491,290,34,0.069246436,0.117241379
09/10/2024,8,344,181,23,0.066860465,0.127071823
09/10/2024,7,228,103,6,0.026315789,0.058252427
09/10/2024,6,164,78,3,0.018292683,0.038461538
09/10/2024,5,111,23,2,0.018018018,0.086956522
09/10/2024,4,100,24,0,0,0
09/10/2024,3,99,25,2,0.02020202,0.08
09/10/2024,2,109,22,2,0.018348624,0.090909091
09/10/2024,1,115,30,1,0.008695652,0.033333333
09/10/2024,0,529,66,0,0,0
10/10/2024,23,351,97,8,0.022792023,0.082474227
10/10/2024,22,336,123,10,0.029761905,0.081300813
10/10/2024,21,426,206,11,0.025821596,0.053398058
10/10/2024,20,458,202,18,0.03930131,0.089108911
10/10/2024,19,463,212,29,0.062634989,0.136792453
10/10/2024,18,418,186,11,0.026315789,0.059139785
10/10/2024,17,517,233,26,0.050290135,0.111587983
10/10/2024,16,589,323,39,0.066213922,0.120743034
10/10/2024,15,576,325,50,0.086805556,0.153846154
10/10/2024,14,601,316,38,0.063227953,0.120253165
10/10/2024,13,613,308,41,0.066884176,0.133116883
10/10/2024,12,570,320,28,0.049122807,0.0875
10/10/2024,11,626,382,53,0.084664537,0.138743455
10/10/2024,10,607,368,35,0.057660626,0.095108696
10/10/2024,9,524,268,28,0.053435115,0.104477612
10/10/2024,8,460,177,18,0.039130435,0.101694915
10/10/2024,7,290,91,4,0.013793103,0.043956044
10/10/2024,6,211,51,2,0.009478673,0.039215686
10/10/2024,5,170,36,4,0.023529412,0.111111111
10/10/2024,4,146,28,0,0,0
10/10/2024,3,142,17,1,0.007042254,0.058823529
10/10/2024,2,113,26,1,0.008849558,0.038461538
10/10/2024,1,108,17,0,0,0
10/10/2024,0,619,49,6,0.009693053,0.12244898
11/10/2024,23,200,66,2,0.01,0.03030303
11/10/2024,22,248,106,4,0.016129032,0.037735849
11/10/2024,21,350,133,12,0.034285714,0.090225564
11/10/2024,20,287,149,8,0.027874564,0.053691275
11/10/2024,19,321,168,18,0.056074766,0.107142857
11/10/2024,18,396,209,20,0.050505051,0.09569378
11/10/2024,17,409,215,20,0.048899756,0.093023256
11/10/2024,16,460,288,24,0.052173913,0.083333333
11/10/2024,15,463,280,31,0.066954644,0.110714286
11/10/2024,14,465,277,43,0.092473118,0.155234657
11/10/2024,13,516,310,36,0.069767442,0.116129032
11/10/2024,12,486,276,35,0.072016461,0.126811594
11/10/2024,11,526,319,56,0.106463878,0.175548589
11/10/2024,10,620,332,49,0.079032258,0.147590361
11/10/2024,9,434,234,27,0.062211982,0.115384615
11/10/2024,8,371,155,18,0.04851752,0.116129032
11/10/2024,7,241,98,8,0.033195021,0.081632653
11/10/2024,6,140,49,2,0.014285714,0.040816327
11/10/2024,5,121,24,1,0.008264463,0.041666667
11/10/2024,4,138,22,0,0,0
11/10/2024,3,140,29,1,0.007142857,0.034482759
11/10/2024,2,150,21,1,0.006666667,0.047619048
11/10/2024,1,238,34,4,0.016806723,0.117647059
11/10/2024,0,1050,58,2,0.001904762,0.034482759
12/10/2024,23,185,66,4,0.021621622,0.060606061
12/10/2024,22,266,108,6,0.022556391,0.055555556
12/10/2024,21,278,131,5,0.017985612,0.038167939
12/10/2024,20,304,127,2,0.006578947,0.015748031
12/10/2024,19,317,130,10,0.031545741,0.076923077
12/10/2024,18,327,160,7,0.021406728,0.04375
12/10/2024,17,1053,219,17,0.016144349,0.077625571
12/10/2024,16,505,221,14,0.027722772,0.063348416
12/10/2024,15,412,215,18,0.04368932,0.08372093
12/10/2024,14,406,248,23,0.056650246,0.092741935
12/10/2024,13,428,284,31,0.072429907,0.10915493
12/10/2024,12,424,268,18,0.04245283,0.067164179
12/10/2024,11,431,276,20,0.046403712,0.072463768
12/10/2024,10,408,235,23,0.056372549,0.09787234
12/10/2024,9,381,205,16,0.041994751,0.07804878
12/10/2024,8,248,91,5,0.02016129,0.054945055
12/10/2024,7,189,58,1,0.005291005,0.017241379
12/10/2024,6,122,30,1,0.008196721,0.033333333
12/10/2024,5,148,29,0,0,0
12/10/2024,4,125,12,0,0,0
12/10/2024,3,115,26,0,0,0
12/10/2024,2,113,17,0,0,0
12/10/2024,1,259,26,0,0,0
12/10/2024,0,946,32,0,0,0
13/10/2024,23,246,111,9,0.036585366,0.081081081
13/10/2024,22,276,148,12,0.043478261,0.081081081
13/10/2024,21,384,216,14,0.036458333,0.064814815
13/10/2024,20,435,213,26,0.059770115,0.122065728
13/10/2024,19,455,226,20,0.043956044,0.088495575
13/10/2024,18,440,222,17,0.038636364,0.076576577
13/10/2024,17,436,231,19,0.043577982,0.082251082
13/10/2024,16,403,263,25,0.062034739,0.095057034
13/10/2024,15,423,240,26,0.061465721,0.108333333
13/10/2024,14,415,275,30,0.072289157,0.109090909
13/10/2024,13,384,202,14,0.036458333,0.069306931
13/10/2024,12,399,228,24,0.060150376,0.105263158
13/10/2024,11,394,211,14,0.035532995,0.066350711
13/10/2024,10,411,209,14,0.03406326,0.066985646
13/10/2024,9,438,161,9,0.020547945,0.055900621
13/10/2024,8,357,125,10,0.028011204,0.08
13/10/2024,7,317,66,1,0.003154574,0.015151515
13/10/2024,6,181,37,0,0,0
13/10/2024,5,180,32,0,0,0
13/10/2024,4,207,17,0,0,0
13/10/2024,3,219,14,0,0,0
13/10/2024,2,296,8,1,0.003378378,0.125
13/10/2024,1,431,37,1,0.002320186,0.027027027
13/10/2024,0,884,42,0,0,0
14/10/2024,23,266,141,3,0.011278195,0.021276596
14/10/2024,22,419,188,23,0.054892601,0.122340426
14/10/2024,21,508,290,22,0.043307087,0.075862069
14/10/2024,20,528,287,18,0.034090909,0.06271777
14/10/2024,19,522,278,28,0.053639847,0.100719424
14/10/2024,18,569,300,35,0.061511424,0.116666667
14/10/2024,17,610,360,42,0.068852459,0.116666667
14/10/2024,16,667,409,63,0.094452774,0.15403423
14/10/2024,15,743,474,58,0.078061911,0.122362869
14/10/2024,14,680,452,69,0.101470588,0.152654867
14/10/2024,13,697,478,56,0.080344333,0.117154812
14/10/2024,12,658,422,61,0.092705167,0.144549763
14/10/2024,11,733,446,67,0.091405184,0.150224215
14/10/2024,10,735,374,56,0.076190476,0.14973262
14/10/2024,9,676,327,46,0.068047337,0.140672783
14/10/2024,8,536,183,19,0.035447761,0.103825137
14/10/2024,7,372,98,10,0.02688172,0.102040816
14/10/2024,6,239,53,3,0.012552301,0.056603774
14/10/2024,5,193,24,1,0.005181347,0.041666667
14/10/2024,4,208,17,0,0,0
14/10/2024,3,221,16,1,0.004524887,0.0625
14/10/2024,2,253,20,1,0.003952569,0.05
14/10/2024,1,364,24,3,0.008241758,0.125
14/10/2024,0,792,57,1,0.001262626,0.01754386
15/10/2024,23,304,121,11,0.036184211,0.090909091
15/10/2024,22,438,198,19,0.043378995,0.095959596
15/10/2024,21,466,272,19,0.040772532,0.069852941
15/10/2024,20,495,275,23,0.046464646,0.083636364
15/10/2024,19,744,315,25,0.033602151,0.079365079
15/10/2024,18,544,275,32,0.058823529,0.116363636
15/10/2024,17,534,299,39,0.073033708,0.130434783
15/10/2024,16,597,328,44,0.073701843,0.134146341
15/10/2024,15,590,345,49,0.083050847,0.142028986
15/10/2024,14,631,387,67,0.106180666,0.173126615
15/10/2024,13,650,415,58,0.089230769,0.139759036
15/10/2024,12,663,387,55,0.082956259,0.142118863
15/10/2024,11,734,471,61,0.083106267,0.129511677
15/10/2024,10,692,394,58,0.083815029,0.147208122
15/10/2024,9,730,338,48,0.065753425,0.142011834
15/10/2024,8,524,209,23,0.04389313,0.110047847
15/10/2024,7,384,107,8,0.020833333,0.074766355
15/10/2024,6,269,52,2,0.007434944,0.038461538
15/10/2024,5,246,35,1,0.004065041,0.028571429
15/10/2024,4,202,26,2,0.00990099,0.076923077
15/10/2024,3,199,21,1,0.005025126,0.047619048
15/10/2024,2,1090,890,1,0.000917431,0.001123596
15/10/2024,1,408,38,1,0.00245098,0.026315789
15/10/2024,0,748,66,3,0.004010695,0.045454545
16/10/2024,23,226,100,12,0.053097345,0.12
16/10/2024,22,349,199,15,0.042979943,0.075376884
16/10/2024,21,468,249,17,0.036324786,0.068273092
16/10/2024,20,506,263,15,0.029644269,0.057034221
16/10/2024,19,478,232,24,0.050209205,0.103448276
16/10/2024,18,456,266,25,0.054824561,0.093984962
16/10/2024,17,558,290,38,0.068100358,0.131034483
16/10/2024,16,576,337,41,0.071180556,0.121661721
16/10/2024,15,613,347,48,0.078303426,0.13832853
16/10/2024,14,631,400,44,0.069730586,0.11
16/10/2024,13,643,373,59,0.091757387,0.158176944
16/10/2024,12,608,344,44,0.072368421,0.127906977
16/10/2024,11,783,413,59,0.075351213,0.142857143
16/10/2024,10,776,384,55,0.070876289,0.143229167
16/10/2024,9,665,329,34,0.05112782,0.103343465
16/10/2024,8,497,191,19,0.038229376,0.09947644
16/10/2024,7,391,89,5,0.012787724,0.056179775
16/10/2024,6,236,48,5,0.021186441,0.104166667
16/10/2024,5,230,35,1,0.004347826,0.028571429
16/10/2024,4,214,27,0,0,0
16/10/2024,3,234,22,0,0,0
16/10/2024,2,203,23,1,0.004926108,0.043478261
16/10/2024,1,370,38,4,0.010810811,0.105263158
16/10/2024,0,669,63,4,0.005979073,0.063492063
17/10/2024,23,239,99,6,0.025104603,0.060606061
17/10/2024,22,325,158,13,0.04,0.082278481
17/10/2024,21,423,243,21,0.04964539,0.086419753
17/10/2024,20,441,226,27,0.06122449,0.119469027
17/10/2024,19,405,216,23,0.056790123,0.106481481
17/10/2024,18,427,243,35,0.081967213,0.144032922
17/10/2024,17,519,279,26,0.050096339,0.093189964
17/10/2024,16,532,280,45,0.084586466,0.160714286
17/10/2024,15,592,378,53,0.089527027,0.14021164
17/10/2024,14,596,360,48,0.080536913,0.133333333
17/10/2024,13,582,339,49,0.08419244,0.144542773
17/10/2024,12,585,356,50,0.085470085,0.140449438
17/10/2024,11,639,356,58,0.090766823,0.162921348
17/10/2024,10,695,347,46,0.06618705,0.132564841
17/10/2024,9,649,264,28,0.043143297,0.106060606
17/10/2024,8,502,188,14,0.027888446,0.074468085
17/10/2024,7,366,104,7,0.019125683,0.067307692
17/10/2024,6,245,77,1,0.004081633,0.012987013
17/10/2024,5,185,24,1,0.005405405,0.041666667
17/10/2024,4,194,33,1,0.005154639,0.03030303
17/10/2024,3,203,14,0,0,0
17/10/2024,2,316,34,1,0.003164557,0.029411765
17/10/2024,1,392,61,3,0.007653061,0.049180328
17/10/2024,0,725,48,6,0.008275862,0.125
18/10/2024,23,176,82,4,0.022727273,0.048780488
18/10/2024,22,284,113,8,0.028169014,0.07079646
18/10/2024,21,272,123,5,0.018382353,0.040650407
18/10/2024,20,310,158,10,0.032258065,0.063291139
18/10/2024,19,369,180,11,0.029810298,0.061111111
18/10/2024,18,342,186,14,0.040935673,0.075268817
18/10/2024,17,389,227,29,0.074550129,0.127753304
18/10/2024,16,452,270,38,0.084070796,0.140740741
18/10/2024,15,514,302,43,0.083657588,0.142384106
18/10/2024,14,475,289,33,0.069473684,0.114186851
18/10/2024,13,542,330,46,0.084870849,0.139393939
18/10/2024,12,515,326,46,0.089320388,0.141104294
18/10/2024,11,609,316,49,0.08045977,0.155063291
18/10/2024,10,623,304,39,0.062600321,0.128289474
18/10/2024,9,607,257,40,0.065897858,0.155642023
18/10/2024,8,436,173,19,0.043577982,0.10982659
18/10/2024,7,332,96,10,0.030120482,0.104166667
18/10/2024,6,227,56,5,0.022026432,0.089285714
18/10/2024,5,195,44,0,0,0
18/10/2024,4,159,15,0,0,0
18/10/2024,3,189,26,1,0.005291005,0.038461538
18/10/2024,2,325,21,2,0.006153846,0.095238095
18/10/2024,1,480,29,0,0,0
18/10/2024,0,691,47,4,0.005788712,0.085106383
19/10/2024,23,185,79,2,0.010810811,0.025316456
19/10/2024,22,240,103,4,0.016666667,0.038834951
19/10/2024,21,291,130,8,0.027491409,0.061538462
19/10/2024,20,296,151,3,0.010135135,0.01986755
19/10/2024,19,286,138,9,0.031468531,0.065217391
19/10/2024,18,308,155,14,0.045454545,0.090322581
19/10/2024,17,352,194,11,0.03125,0.056701031
19/10/2024,16,352,193,18,0.051136364,0.093264249
19/10/2024,15,328,169,13,0.039634146,0.076923077
19/10/2024,14,363,210,25,0.068870523,0.119047619
19/10/2024,13,420,247,23,0.054761905,0.093117409
19/10/2024,12,366,208,20,0.054644809,0.096153846
19/10/2024,11,518,288,22,0.042471042,0.076388889
19/10/2024,10,567,253,10,0.017636684,0.039525692
19/10/2024,9,531,176,16,0.030131827,0.090909091
19/10/2024,8,419,121,5,0.011933174,0.041322314
19/10/2024,7,325,102,2,0.006153846,0.019607843
19/10/2024,6,196,33,0,0,0
19/10/2024,5,147,20,1,0.006802721,0.05
19/10/2024,4,171,24,0,0,0
19/10/2024,3,196,15,0,0,0
19/10/2024,2,244,21,2,0.008196721,0.095238095
19/10/2024,1,373,24,1,0.002680965,0.041666667
19/10/2024,0,497,58,1,0.002012072,0.017241379
20/10/2024,23,233,136,9,0.038626609,0.066176471
20/10/2024,22,289,173,6,0.020761246,0.034682081
20/10/2024,21,354,224,15,0.042372881,0.066964286
20/10/2024,20,397,224,24,0.060453401,0.107142857
20/10/2024,19,427,261,30,0.070257611,0.114942529
20/10/2024,18,399,255,21,0.052631579,0.082352941
20/10/2024,17,392,270,21,0.053571429,0.077777778
20/10/2024,16,423,255,12,0.028368794,0.047058824
20/10/2024,15,458,303,31,0.06768559,0.102310231
20/10/2024,14,411,273,24,0.058394161,0.087912088
20/10/2024,13,454,307,21,0.046255507,0.068403909
20/10/2024,12,512,289,25,0.048828125,0.08650519
20/10/2024,11,547,285,16,0.029250457,0.056140351
20/10/2024,10,543,211,15,0.027624309,0.071090047
20/10/2024,9,454,161,6,0.013215859,0.037267081
20/10/2024,8,299,92,1,0.003344482,0.010869565
20/10/2024,7,229,56,4,0.017467249,0.071428571
20/10/2024,6,174,31,1,0.005747126,0.032258065
20/10/2024,5,134,8,0,0,0
20/10/2024,4,163,18,0,0,0
20/10/2024,3,194,14,0,0,0
20/10/2024,2,241,26,0,0,0
20/10/2024,1,373,35,0,0,0
20/10/2024,0,451,37,2,0.00443459,0.054054054
21/10/2024,23,233,122,14,0.060085837,0.114754098
21/10/2024,22,365,206,17,0.046575342,0.082524272
21/10/2024,21,448,250,20,0.044642857,0.08
21/10/2024,20,461,288,21,0.045553145,0.072916667
21/10/2024,19,424,260,39,0.091981132,0.15
21/10/2024,18,531,269,37,0.069679849,0.137546468
21/10/2024,17,523,322,39,0.07456979,0.121118012
21/10/2024,16,581,355,36,0.061962134,0.101408451
21/10/2024,15,596,366,49,0.082214765,0.133879781
21/10/2024,14,627,398,45,0.071770335,0.113065327
21/10/2024,13,635,423,46,0.072440945,0.108747045
21/10/2024,12,653,384,59,0.090352221,0.153645833
21/10/2024,11,753,417,56,0.07436919,0.134292566
21/10/2024,10,782,422,45,0.057544757,0.106635071
21/10/2024,9,657,297,32,0.04870624,0.107744108
21/10/2024,8,456,162,18,0.039473684,0.111111111
21/10/2024,7,331,100,4,0.012084592,0.04
21/10/2024,6,189,42,2,0.010582011,0.047619048
21/10/2024,5,141,28,2,0.014184397,0.071428571
21/10/2024,4,156,19,1,0.006410256,0.052631579
21/10/2024,3,200,23,0,0,0
21/10/2024,2,219,25,2,0.00913242,0.08
21/10/2024,1,363,34,0,0,0
21/10/2024,0,425,55,3,0.007058824,0.054545455
22/10/2024,23,213,115,11,0.051643192,0.095652174
22/10/2024,22,293,178,14,0.04778157,0.078651685
22/10/2024,21,396,193,21,0.053030303,0.10880829
22/10/2024,20,446,257,12,0.02690583,0.046692607
22/10/2024,19,425,249,19,0.044705882,0.076305221
22/10/2024,18,452,253,28,0.061946903,0.110671937
22/10/2024,17,491,282,29,0.059063136,0.102836879
22/10/2024,16,542,353,45,0.08302583,0.127478754
22/10/2024,15,579,365,48,0.082901554,0.131506849
22/10/2024,14,655,412,52,0.079389313,0.126213592
22/10/2024,13,665,381,61,0.091729323,0.160104987
22/10/2024,12,701,398,66,0.094151213,0.165829146
22/10/2024,11,979,420,57,0.058222676,0.135714286
22/10/2024,10,705,358,61,0.086524823,0.170391061
22/10/2024,9,640,282,37,0.0578125,0.131205674
22/10/2024,8,492,190,20,0.040650407,0.105263158
22/10/2024,7,330,118,8,0.024242424,0.06779661
22/10/2024,6,220,41,3,0.013636364,0.073170732
22/10/2024,5,189,26,1,0.005291005,0.038461538
22/10/2024,4,185,24,0,0,0
22/10/2024,3,214,23,0,0,0
22/10/2024,2,1153,896,0,0,0
22/10/2024,1,328,46,0,0,0
22/10/2024,0,403,72,4,0.009925558,0.055555556
23/10/2024,23,298,104,9,0.030201342,0.086538462
23/10/2024,22,371,162,13,0.035040431,0.080246914
23/10/2024,21,442,217,13,0.029411765,0.059907834
23/10/2024,20,478,248,23,0.048117155,0.092741935
23/10/2024,19,505,281,18,0.035643564,0.06405694
23/10/2024,18,493,272,24,0.048681542,0.088235294
23/10/2024,17,535,298,34,0.063551402,0.11409396
23/10/2024,16,610,344,38,0.062295082,0.110465116
23/10/2024,15,633,412,36,0.056872038,0.087378641
23/10/2024,14,1316,1180,33,0.025075988,0.027966102
23/10/2024,13,654,385,55,0.084097859,0.142857143
23/10/2024,12,834,422,53,0.063549161,0.125592417
23/10/2024,11,954,411,57,0.059748428,0.138686131
23/10/2024,10,807,382,42,0.05204461,0.109947644
23/10/2024,9,716,292,40,0.055865922,0.136986301
23/10/2024,8,511,175,16,0.031311155,0.091428571
23/10/2024,7,412,109,6,0.014563107,0.055045872
23/10/2024,6,308,62,1,0.003246753,0.016129032
23/10/2024,5,215,22,1,0.004651163,0.045454545
23/10/2024,4,234,25,0,0,0
23/10/2024,3,268,19,1,0.003731343,0.052631579
23/10/2024,2,318,28,1,0.003144654,0.035714286
23/10/2024,1,342,28,2,0.005847953,0.071428571
23/10/2024,0,301,49,2,0.006644518,0.040816327
24/10/2024,23,267,88,7,0.026217228,0.079545455
24/10/2024,22,338,156,7,0.020710059,0.044871795
24/10/2024,21,398,217,29,0.072864322,0.133640553
24/10/2024,20,430,217,20,0.046511628,0.092165899
24/10/2024,19,417,207,18,0.043165468,0.086956522
24/10/2024,18,433,188,21,0.048498845,0.111702128
24/10/2024,17,529,269,28,0.052930057,0.104089219
24/10/2024,16,541,282,25,0.046210721,0.088652482
24/10/2024,15,527,245,42,0.079696395,0.171428571
24/10/2024,14,584,294,44,0.075342466,0.149659864
24/10/2024,13,569,351,49,0.086115993,0.13960114
24/10/2024,12,611,356,50,0.081833061,0.140449438
24/10/2024,11,654,375,60,0.091743119,0.16
24/10/2024,10,760,361,38,0.05,0.105263158
24/10/2024,9,690,266,39,0.056521739,0.146616541
24/10/2024,8,470,138,17,0.036170213,0.123188406
24/10/2024,7,445,106,11,0.024719101,0.103773585
24/10/2024,6,344,47,3,0.00872093,0.063829787
24/10/2024,5,259,30,1,0.003861004,0.033333333
24/10/2024,4,253,29,1,0.003952569,0.034482759
24/10/2024,3,275,15,0,0,0
24/10/2024,2,318,19,0,0,0
24/10/2024,1,466,37,1,0.002145923,0.027027027
24/10/2024,0,578,54,2,0.003460208,0.037037037
25/10/2024,23,245,67,1,0.004081633,0.014925373
25/10/2024,22,289,114,4,0.01384083,0.035087719
25/10/2024,21,359,157,6,0.016713092,0.038216561
25/10/2024,20,342,157,11,0.032163743,0.070063694
25/10/2024,19,375,163,13,0.034666667,0.079754601
25/10/2024,18,405,189,20,0.049382716,0.105820106
25/10/2024,17,486,210,27,0.055555556,0.128571429
25/10/2024,16,524,264,25,0.047709924,0.09469697
25/10/2024,15,551,340,32,0.058076225,0.094117647
25/10/2024,14,560,303,46,0.082142857,0.151815182
25/10/2024,13,619,327,54,0.08723748,0.165137615
25/10/2024,12,603,363,35,0.058043118,0.096418733
25/10/2024,11,701,362,33,0.047075606,0.091160221
25/10/2024,10,697,250,35,0.050215208,0.14
25/10/2024,9,629,239,34,0.054054054,0.142259414
25/10/2024,8,502,160,16,0.03187251,0.1
25/10/2024,7,422,104,5,0.011848341,0.048076923
25/10/2024,6,306,44,1,0.003267974,0.022727273
25/10/2024,5,285,18,0,0,0
25/10/2024,4,245,20,0,0,0
25/10/2024,3,264,16,1,0.003787879,0.0625
25/10/2024,2,299,17,0,0,0
25/10/2024,1,407,42,2,0.004914005,0.047619048
25/10/2024,0,594,50,2,0.003367003,0.04
26/10/2024,23,237,67,0,0,0
26/10/2024,22,262,110,0,0,0
26/10/2024,21,294,104,4,0.013605442,0.038461538
26/10/2024,20,300,119,4,0.013333333,0.033613445
26/10/2024,19,354,159,6,0.016949153,0.037735849
26/10/2024,18,357,161,2,0.005602241,0.01242236
26/10/2024,17,401,181,12,0.029925187,0.066298343
26/10/2024,16,412,227,13,0.031553398,0.057268722
26/10/2024,15,420,235,15,0.035714286,0.063829787
26/10/2024,14,415,200,7,0.01686747,0.035
26/10/2024,13,444,235,18,0.040540541,0.076595745
26/10/2024,12,510,284,19,0.037254902,0.066901408
26/10/2024,11,444,245,14,0.031531532,0.057142857
26/10/2024,10,591,253,22,0.037225042,0.086956522
26/10/2024,9,553,174,11,0.019891501,0.063218391
26/10/2024,8,499,143,6,0.012024048,0.041958042
26/10/2024,7,407,79,0,0,0
26/10/2024,6,270,34,0,0,0
26/10/2024,5,251,13,0,0,0
26/10/2024,4,236,20,0,0,0
26/10/2024,3,287,15,0,0,0
26/10/2024,2,311,11,0,0,0
26/10/2024,1,439,23,1,0.002277904,0.043478261
26/10/2024,0,671,49,2,0.002980626,0.040816327
27/10/2024,23,230,71,4,0.017391304,0.056338028
27/10/2024,22,330,144,12,0.036363636,0.083333333
27/10/2024,21,334,151,14,0.041916168,0.092715232
27/10/2024,20,431,198,21,0.048723898,0.106060606
27/10/2024,19,457,226,21,0.04595186,0.092920354
27/10/2024,18,462,235,25,0.054112554,0.106382979
27/10/2024,17,468,223,21,0.044871795,0.094170404
27/10/2024,16,403,229,19,0.047146402,0.082969432
27/10/2024,15,425,195,19,0.044705882,0.097435897
27/10/2024,14,440,253,35,0.079545455,0.138339921
27/10/2024,13,418,211,26,0.062200957,0.123222749
27/10/2024,12,444,241,22,0.04954955,0.091286307
27/10/2024,11,404,201,21,0.051980198,0.104477612
27/10/2024,10,444,187,8,0.018018018,0.042780749
27/10/2024,9,488,179,11,0.022540984,0.061452514
27/10/2024,8,458,148,10,0.021834061,0.067567568
27/10/2024,7,391,101,2,0.00511509,0.01980198
27/10/2024,6,301,68,2,0.006644518,0.029411765
27/10/2024,5,257,16,0,0,0
27/10/2024,4,222,13,0,0,0
27/10/2024,3,247,11,0,0,0
27/10/2024,2,258,22,0,0,0
27/10/2024,1,536,56,1,0.001865672,0.017857143
27/10/2024,0,740,42,1,0.001351351,0.023809524
28/10/2024,23,283,90,6,0.021201413,0.066666667
28/10/2024,22,359,147,18,0.050139276,0.12244898
28/10/2024,21,392,194,18,0.045918367,0.092783505
28/10/2024,20,427,227,15,0.035128806,0.066079295
28/10/2024,19,490,256,24,0.048979592,0.09375
28/10/2024,18,519,260,20,0.038535645,0.076923077
28/10/2024,17,533,278,38,0.071294559,0.136690647
28/10/2024,16,613,348,49,0.079934747,0.140804598
28/10/2024,15,636,339,49,0.077044025,0.144542773
28/10/2024,14,620,357,43,0.069354839,0.120448179
28/10/2024,13,662,406,47,0.070996979,0.115763547
28/10/2024,12,672,380,48,0.071428571,0.126315789
28/10/2024,11,766,423,56,0.07310705,0.132387707
28/10/2024,10,1708,1167,47,0.027517564,0.040274207
28/10/2024,9,814,339,50,0.061425061,0.147492625
28/10/2024,8,632,216,24,0.037974684,0.111111111
28/10/2024,7,496,146,11,0.022177419,0.075342466
28/10/2024,6,310,57,4,0.012903226,0.070175439
28/10/2024,5,285,30,2,0.007017544,0.066666667
28/10/2024,4,244,18,0,0,0
28/10/2024,3,296,12,0,0,0
28/10/2024,2,299,18,0,0,0
28/10/2024,1,366,24,1,0.00273224,0.041666667
28/10/2024,0,393,45,4,0.010178117,0.088888889
29/10/2024,23,263,113,7,0.02661597,0.061946903
29/10/2024,22,328,163,9,0.027439024,0.055214724
29/10/2024,21,406,197,19,0.04679803,0.096446701
29/10/2024,20,488,233,19,0.038934426,0.081545064
29/10/2024,19,471,232,23,0.048832272,0.099137931
29/10/2024,18,487,233,23,0.047227926,0.098712446
29/10/2024,17,488,215,26,0.053278689,0.120930233
29/10/2024,16,599,303,39,0.065108514,0.128712871
29/10/2024,15,609,308,44,0.072249589,0.142857143
29/10/2024,14,650,369,59,0.090769231,0.159891599
29/10/2024,13,584,331,43,0.073630137,0.129909366
29/10/2024,12,664,323,45,0.067771084,0.139318885
29/10/2024,11,878,368,48,0.054669704,0.130434783
29/10/2024,10,760,347,43,0.056578947,0.123919308
29/10/2024,9,708,304,35,0.049435028,0.115131579
29/10/2024,8,648,253,30,0.046296296,0.118577075
29/10/2024,7,472,131,11,0.023305085,0.083969466
29/10/2024,6,468,156,5,0.010683761,0.032051282
29/10/2024,5,268,37,2,0.007462687,0.054054054
29/10/2024,4,564,231,0,0,0
29/10/2024,3,406,129,2,0.004926108,0.015503876
29/10/2024,2,835,440,0,0,0
29/10/2024,1,370,34,1,0.002702703,0.029411765
29/10/2024,0,395,46,5,0.012658228,0.108695652
30/10/2024,23,240,85,7,0.029166667,0.082352941
30/10/2024,22,329,130,5,0.015197568,0.038461538
30/10/2024,21,503,218,12,0.023856859,0.055045872
30/10/2024,20,475,232,24,0.050526316,0.103448276
30/10/2024,19,499,214,17,0.034068136,0.079439252
30/10/2024,18,529,231,20,0.037807183,0.086580087
30/10/2024,17,486,233,24,0.049382716,0.103004292
30/10/2024,16,557,264,33,0.059245961,0.125
30/10/2024,15,569,298,42,0.073813708,0.140939597
30/10/2024,14,583,341,47,0.080617496,0.137829912
30/10/2024,13,576,306,58,0.100694444,0.189542484
30/10/2024,12,663,363,46,0.069381599,0.126721763
30/10/2024,11,751,380,49,0.065246338,0.128947368
30/10/2024,10,755,371,49,0.064900662,0.132075472
30/10/2024,9,691,295,41,0.059334298,0.138983051
30/10/2024,8,497,188,24,0.048289738,0.127659574
30/10/2024,7,430,129,8,0.018604651,0.062015504
30/10/2024,6,336,57,1,0.00297619,0.01754386
30/10/2024,5,283,24,0,0,0
30/10/2024,4,242,27,1,0.004132231,0.037037037
30/10/2024,3,252,26,3,0.011904762,0.115384615
30/10/2024,2,298,25,1,0.003355705,0.04
30/10/2024,1,383,20,0,0,0
30/10/2024,0,573,50,1,0.001745201,0.02
31/10/2024,23,251,89,4,0.015936255,0.04494382
31/10/2024,22,294,143,5,0.017006803,0.034965035
31/10/2024,21,382,172,15,0.039267016,0.087209302
31/10/2024,20,404,208,19,0.047029703,0.091346154
31/10/2024,19,406,194,14,0.034482759,0.072164948
31/10/2024,18,448,214,17,0.037946429,0.079439252
31/10/2024,17,457,192,25,0.054704595,0.130208333
31/10/2024,16,521,294,39,0.074856046,0.132653061
31/10/2024,15,567,285,36,0.063492063,0.126315789
31/10/2024,14,615,325,45,0.073170732,0.138461538
31/10/2024,13,594,313,33,0.055555556,0.10543131
31/10/2024,12,707,299,53,0.074964639,0.177257525
31/10/2024,11,748,342,66,0.088235294,0.192982456
31/10/2024,10,747,316,51,0.068273092,0.161392405
31/10/2024,9,652,260,28,0.042944785,0.107692308
31/10/2024,8,519,170,20,0.038535645,0.117647059
31/10/2024,7,448,135,8,0.017857143,0.059259259
31/10/2024,6,279,60,2,0.007168459,0.033333333
31/10/2024,5,249,23,1,0.004016064,0.043478261
31/10/2024,4,230,17,0,0,0
31/10/2024,3,214,18,0,0,0
31/10/2024,2,282,20,3,0.010638298,0.15
31/10/2024,1,444,34,1,0.002252252,0.029411765
31/10/2024,0,532,47,1,0.001879699,0.021276596
01/11/2024,23,222,78,0,0,0
01/11/2024,22,302,117,3,0.009933775,0.025641026
01/11/2024,21,317,120,8,0.025236593,0.066666667
01/11/2024,20,342,150,8,0.023391813,0.053333333
01/11/2024,19,375,183,5,0.013333333,0.027322404
01/11/2024,18,356,156,15,0.042134831,0.096153846
01/11/2024,17,446,214,16,0.035874439,0.074766355
01/11/2024,16,534,284,29,0.054307116,0.102112676
01/11/2024,15,498,266,31,0.062248996,0.116541353
01/11/2024,14,532,293,31,0.058270677,0.105802048
01/11/2024,13,510,291,30,0.058823529,0.103092784
01/11/2024,12,586,359,43,0.07337884,0.119777159
01/11/2024,11,759,358,54,0.071146245,0.150837989
01/11/2024,10,664,246,30,0.045180723,0.12195122
01/11/2024,9,717,265,33,0.046025105,0.124528302
01/11/2024,8,522,171,15,0.028735632,0.087719298
01/11/2024,7,463,108,12,0.025917927,0.111111111
01/11/2024,6,358,54,2,0.005586592,0.037037037
01/11/2024,5,273,20,0,0,0
01/11/2024,4,251,19,0,0,0
01/11/2024,3,227,7,0,0,0
01/11/2024,2,335,27,2,0.005970149,0.074074074
01/11/2024,1,428,21,0,0,0
01/11/2024,0,527,48,3,0.0056926,0.0625
02/11/2024,23,226,67,1,0.004424779,0.014925373
02/11/2024,22,282,103,3,0.010638298,0.029126214
02/11/2024,21,305,125,6,0.019672131,0.048
02/11/2024,20,300,121,3,0.01,0.024793388
02/11/2024,19,302,116,8,0.026490066,0.068965517
02/11/2024,18,364,146,10,0.027472527,0.068493151
02/11/2024,17,396,184,12,0.03030303,0.065217391
02/11/2024,16,440,211,11,0.025,0.052132701
02/11/2024,15,413,229,18,0.043583535,0.07860262
02/11/2024,14,400,228,16,0.04,0.070175439
02/11/2024,13,487,256,16,0.032854209,0.0625
02/11/2024,12,462,219,17,0.036796537,0.077625571
02/11/2024,11,454,220,15,0.033039648,0.068181818
02/11/2024,10,572,259,21,0.036713287,0.081081081
02/11/2024,9,631,235,19,0.030110935,0.080851064
02/11/2024,8,479,149,6,0.012526096,0.040268456
02/11/2024,7,392,72,3,0.007653061,0.041666667
02/11/2024,6,284,31,1,0.003521127,0.032258065
02/11/2024,5,262,18,0,0,0
02/11/2024,4,248,17,0,0,0
02/11/2024,3,288,14,0,0,0
02/11/2024,2,378,29,2,0.005291005,0.068965517
02/11/2024,1,531,26,0,0,0
02/11/2024,0,659,48,3,0.004552352,0.0625
03/11/2024,23,271,94,9,0.033210332,0.095744681
03/11/2024,22,316,147,9,0.028481013,0.06122449
03/11/2024,21,370,165,11,0.02972973,0.066666667
03/11/2024,20,441,265,24,0.054421769,0.090566038
03/11/2024,19,439,250,28,0.063781321,0.112
03/11/2024,18,456,208,18,0.039473684,0.086538462
03/11/2024,17,451,237,18,0.039911308,0.075949367
03/11/2024,16,512,272,31,0.060546875,0.113970588
03/11/2024,15,452,268,23,0.050884956,0.085820896
03/11/2024,14,495,270,21,0.042424242,0.077777778
03/11/2024,13,512,239,29,0.056640625,0.121338912
03/11/2024,12,532,268,24,0.045112782,0.089552239
03/11/2024,11,538,230,23,0.042750929,0.1
03/11/2024,10,544,192,13,0.023897059,0.067708333
03/11/2024,9,516,206,10,0.019379845,0.048543689
03/11/2024,8,463,156,1,0.002159827,0.006410256
03/11/2024,7,304,59,4,0.013157895,0.06779661
03/11/2024,6,215,39,3,0.013953488,0.076923077
03/11/2024,5,194,12,1,0.005154639,0.083333333
03/11/2024,4,252,15,0,0,0
03/11/2024,3,263,18,1,0.003802281,0.055555556
03/11/2024,2,333,15,1,0.003003003,0.066666667
03/11/2024,1,475,22,0,0,0
03/11/2024,0,641,43,0,0,0
04/11/2024,23,281,126,15,0.053380783,0.119047619
04/11/2024,22,401,188,17,0.042394015,0.090425532
04/11/2024,21,525,274,24,0.045714286,0.087591241
04/11/2024,20,546,304,28,0.051282051,0.092105263
04/11/2024,19,546,299,25,0.045787546,0.08361204
04/11/2024,18,516,293,36,0.069767442,0.122866894
04/11/2024,17,603,324,36,0.059701493,0.111111111
04/11/2024,16,627,327,50,0.079744817,0.152905199
04/11/2024,15,686,394,62,0.090379009,0.157360406
04/11/2024,14,805,514,61,0.075776398,0.118677043
04/11/2024,13,732,394,49,0.066939891,0.124365482
04/11/2024,12,836,443,69,0.082535885,0.155756208
04/11/2024,11,944,455,56,0.059322034,0.123076923
04/11/2024,10,986,423,54,0.054766734,0.127659574
04/11/2024,9,897,296,56,0.062430323,0.189189189
04/11/2024,8,589,240,22,0.037351443,0.091666667
04/11/2024,7,516,97,6,0.011627907,0.06185567
04/11/2024,6,329,68,3,0.009118541,0.044117647
04/11/2024,5,255,27,1,0.003921569,0.037037037
04/11/2024,4,214,32,1,0.004672897,0.03125
04/11/2024,3,208,21,0,0,0
04/11/2024,2,217,20,0,0,0
04/11/2024,1,278,19,0,0,0
04/11/2024,0,311,47,3,0.009646302,0.063829787
05/11/2024,23,223,89,7,0.031390135,0.078651685
05/11/2024,22,363,206,18,0.049586777,0.087378641
05/11/2024,21,367,211,29,0.079019074,0.137440758
05/11/2024,20,425,235,17,0.04,0.072340426
05/11/2024,19,460,253,29,0.063043478,0.114624506
05/11/2024,18,440,262,22,0.05,0.083969466
05/11/2024,17,511,317,37,0.072407045,0.116719243
05/11/2024,16,581,349,38,0.065404475,0.108882521
05/11/2024,15,611,369,54,0.088379705,0.146341463
05/11/2024,14,573,369,46,0.080279232,0.124661247
05/11/2024,13,642,388,55,0.085669782,0.141752577
05/11/2024,12,749,425,45,0.060080107,0.105882353
05/11/2024,11,932,461,55,0.059012876,0.119305857
05/11/2024,10,792,345,50,0.063131313,0.144927536
05/11/2024,9,761,314,39,0.051248357,0.124203822
05/11/2024,8,548,203,17,0.031021898,0.083743842
05/11/2024,7,489,133,10,0.020449898,0.07518797
05/11/2024,6,427,143,6,0.014051522,0.041958042
05/11/2024,5,214,37,0,0,0
05/11/2024,4,525,284,2,0.003809524,0.007042254
05/11/2024,3,325,142,3,0.009230769,0.021126761
05/11/2024,2,644,406,2,0.00310559,0.004926108
05/11/2024,1,249,27,5,0.020080321,0.185185185
05/11/2024,0,334,45,1,0.002994012,0.022222222
06/11/2024,23,305,104,4,0.013114754,0.038461538
06/11/2024,22,384,176,15,0.0390625,0.085227273
06/11/2024,21,493,266,32,0.064908722,0.120300752
06/11/2024,20,479,237,22,0.045929019,0.092827004
06/11/2024,19,497,295,23,0.046277666,0.077966102
06/11/2024,18,515,273,28,0.054368932,0.102564103
06/11/2024,17,492,259,21,0.042682927,0.081081081
06/11/2024,16,548,266,30,0.054744526,0.112781955
06/11/2024,15,591,326,44,0.074450085,0.134969325
06/11/2024,14,607,353,67,0.110378913,0.1898017
06/11/2024,13,602,339,39,0.064784053,0.115044248
06/11/2024,12,749,440,46,0.06141522,0.104545455
06/11/2024,11,806,406,50,0.062034739,0.123152709
06/11/2024,10,820,409,51,0.062195122,0.124694377
06/11/2024,9,735,288,28,0.038095238,0.097222222
06/11/2024,8,556,179,22,0.039568345,0.122905028
06/11/2024,7,486,101,7,0.014403292,0.069306931
06/11/2024,6,375,44,3,0.008,0.068181818
06/11/2024,5,275,31,3,0.010909091,0.096774194
06/11/2024,4,237,27,1,0.004219409,0.037037037
06/11/2024,3,236,15,0,0,0
06/11/2024,2,243,23,2,0.008230453,0.086956522
06/11/2024,1,275,33,2,0.007272727,0.060606061
06/11/2024,0,317,65,7,0.022082019,0.107692308
07/11/2024,23,281,93,9,0.03202847,0.096774194
07/11/2024,22,387,144,12,0.031007752,0.083333333
07/11/2024,21,440,206,17,0.038636364,0.082524272
07/11/2024,20,516,216,18,0.034883721,0.083333333
07/11/2024,19,591,236,20,0.033840948,0.084745763
07/11/2024,18,570,239,31,0.054385965,0.129707113
07/11/2024,17,599,253,17,0.028380634,0.067193676
07/11/2024,16,580,271,39,0.067241379,0.143911439
07/11/2024,15,692,303,46,0.066473988,0.151815182
07/11/2024,14,737,364,49,0.066485753,0.134615385
07/11/2024,13,711,356,42,0.05907173,0.117977528
07/11/2024,12,802,334,44,0.054862843,0.131736527
07/11/2024,11,898,407,66,0.073496659,0.162162162
07/11/2024,10,869,329,39,0.044879171,0.118541033
07/11/2024,9,822,278,27,0.032846715,0.097122302
07/11/2024,8,510,202,18,0.035294118,0.089108911
07/11/2024,7,500,122,8,0.016,0.06557377
07/11/2024,6,371,62,1,0.002695418,0.016129032
07/11/2024,5,257,32,0,0,0
07/11/2024,4,250,23,0,0,0
07/11/2024,3,246,21,1,0.004065041,0.047619048
07/11/2024,2,305,31,5,0.016393443,0.161290323
07/11/2024,1,313,37,1,0.003194888,0.027027027
07/11/2024,0,443,71,4,0.009029345,0.056338028
08/11/2024,23,211,83,2,0.009478673,0.024096386
08/11/2024,22,260,92,1,0.003846154,0.010869565
08/11/2024,21,270,146,8,0.02962963,0.054794521
08/11/2024,20,281,141,13,0.046263345,0.092198582
08/11/2024,19,302,155,17,0.056291391,0.109677419
08/11/2024,18,416,160,15,0.036057692,0.09375
08/11/2024,17,406,209,24,0.0591133,0.114832536
08/11/2024,16,519,294,30,0.057803468,0.102040816
08/11/2024,15,460,267,31,0.067391304,0.116104869
08/11/2024,14,504,306,46,0.091269841,0.150326797
08/11/2024,13,566,360,43,0.075971731,0.119444444
08/11/2024,12,639,312,40,0.062597809,0.128205128
08/11/2024,11,729,361,51,0.069958848,0.141274238
08/11/2024,10,726,300,43,0.05922865,0.143333333
08/11/2024,9,644,223,26,0.040372671,0.116591928
08/11/2024,8,467,158,18,0.038543897,0.113924051
08/11/2024,7,394,119,4,0.010152284,0.033613445
08/11/2024,6,290,33,0,0,0
08/11/2024,5,196,31,4,0.020408163,0.129032258
08/11/2024,4,180,32,0,0,0
08/11/2024,3,177,13,0,0,0
08/11/2024,2,203,22,0,0,0
08/11/2024,1,327,27,1,0.003058104,0.037037037
08/11/2024,0,437,56,5,0.011441648,0.089285714
09/11/2024,23,176,83,1,0.005681818,0.012048193
09/11/2024,22,226,128,5,0.022123894,0.0390625
09/11/2024,21,279,147,3,0.010752688,0.020408163
09/11/2024,20,265,141,7,0.026415094,0.04964539
09/11/2024,19,276,155,5,0.018115942,0.032258065
09/11/2024,18,251,129,11,0.043824701,0.085271318
09/11/2024,17,387,222,10,0.025839793,0.045045045
09/11/2024,16,332,219,10,0.030120482,0.0456621
09/11/2024,15,409,225,13,0.031784841,0.057777778
09/11/2024,14,400,250,25,0.0625,0.1
09/11/2024,13,425,239,17,0.04,0.071129707
09/11/2024,12,557,240,20,0.035906643,0.083333333
09/11/2024,11,558,259,23,0.041218638,0.088803089
09/11/2024,10,617,253,27,0.04376013,0.106719368
09/11/2024,9,552,211,15,0.027173913,0.071090047
09/11/2024,8,436,137,11,0.025229358,0.080291971
09/11/2024,7,341,80,4,0.011730205,0.05
09/11/2024,6,200,25,0,0,0
09/11/2024,5,178,22,1,0.005617978,0.045454545
09/11/2024,4,167,19,1,0.005988024,0.052631579
09/11/2024,3,198,25,0,0,0
09/11/2024,2,235,25,1,0.004255319,0.04
09/11/2024,1,328,37,1,0.00304878,0.027027027
09/11/2024,0,420,39,0,0,0
10/11/2024,23,206,96,4,0.019417476,0.041666667
10/11/2024,22,272,146,13,0.047794118,0.089041096
10/11/2024,21,350,219,16,0.045714286,0.073059361
10/11/2024,20,432,255,24,0.055555556,0.094117647
10/11/2024,19,426,246,22,0.051643192,0.089430894
10/11/2024,18,417,256,20,0.047961631,0.078125
10/11/2024,17,434,281,26,0.059907834,0.09252669
10/11/2024,16,388,252,23,0.059278351,0.091269841
10/11/2024,15,418,293,25,0.059808612,0.085324232
10/11/2024,14,379,249,31,0.081794195,0.124497992
10/11/2024,13,455,264,25,0.054945055,0.09469697
10/11/2024,12,475,245,26,0.054736842,0.106122449
10/11/2024,11,504,235,20,0.03968254,0.085106383
10/11/2024,10,536,215,17,0.031716418,0.079069767
10/11/2024,9,487,198,12,0.024640657,0.060606061
10/11/2024,8,389,118,9,0.023136247,0.076271186
10/11/2024,7,266,73,1,0.003759398,0.01369863
10/11/2024,6,201,34,0,0,0
10/11/2024,5,169,13,0,0,0
10/11/2024,4,171,16,1,0.005847953,0.0625
10/11/2024,3,220,14,0,0,0
10/11/2024,2,253,26,0,0,0
10/11/2024,1,357,26,0,0,0
10/11/2024,0,546,51,2,0.003663004,0.039215686
11/11/2024,23,235,115,8,0.034042553,0.069565217
11/11/2024,22,379,203,27,0.071240106,0.133004926
11/11/2024,21,479,246,17,0.035490605,0.069105691
11/11/2024,20,456,264,23,0.050438596,0.087121212
11/11/2024,19,503,316,16,0.031809145,0.050632911
11/11/2024,18,537,314,34,0.063314711,0.108280255
11/11/2024,17,627,365,40,0.063795853,0.109589041
11/11/2024,16,638,345,38,0.059561129,0.110144928
11/11/2024,15,675,391,61,0.09037037,0.15601023
11/11/2024,14,614,333,39,0.063517915,0.117117117
11/11/2024,13,677,408,75,0.110782866,0.183823529
11/11/2024,12,778,400,59,0.075835476,0.1475
11/11/2024,11,854,371,55,0.06440281,0.148247978
11/11/2024,10,888,438,52,0.058558559,0.118721461
11/11/2024,9,745,309,42,0.056375839,0.13592233
11/11/2024,8,514,197,23,0.044747082,0.116751269
11/11/2024,7,407,99,12,0.029484029,0.121212121
11/11/2024,6,282,62,4,0.014184397,0.064516129
11/11/2024,5,193,23,1,0.005181347,0.043478261
11/11/2024,4,149,18,1,0.006711409,0.055555556
11/11/2024,3,163,21,0,0,0
11/11/2024,2,195,28,1,0.005128205,0.035714286
11/11/2024,1,220,39,4,0.018181818,0.102564103
11/11/2024,0,264,52,4,0.015151515,0.076923077
12/11/2024,23,291,103,9,0.030927835,0.087378641
12/11/2024,22,399,199,17,0.042606516,0.085427136
12/11/2024,21,498,238,22,0.044176707,0.092436975
12/11/2024,20,546,289,30,0.054945055,0.103806228
12/11/2024,19,557,312,36,0.064631957,0.115384615
12/11/2024,18,542,310,27,0.049815498,0.087096774
12/11/2024,17,620,385,30,0.048387097,0.077922078
12/11/2024,16,638,325,42,0.065830721,0.129230769
12/11/2024,15,675,406,63,0.093333333,0.155172414
12/11/2024,14,684,379,60,0.087719298,0.158311346
12/11/2024,13,689,388,53,0.076923077,0.136597938
12/11/2024,12,776,413,60,0.077319588,0.14527845
12/11/2024,11,1016,480,58,0.057086614,0.120833333
12/11/2024,10,874,400,59,0.067505721,0.1475
12/11/2024,9,811,318,37,0.045622688,0.116352201
12/11/2024,8,737,225,20,0.027137042,0.088888889
12/11/2024,7,558,137,4,0.007168459,0.02919708
12/11/2024,6,765,364,4,0.005228758,0.010989011
12/11/2024,5,254,28,2,0.007874016,0.071428571
12/11/2024,4,558,53,2,0.003584229,0.037735849
12/11/2024,3,397,42,0,0,0
12/11/2024,2,829,456,0,0,0
12/11/2024,1,228,31,1,0.004385965,0.032258065
12/11/2024,0,334,55,6,0.017964072,0.109090909
13/11/2024,23,290,115,8,0.027586207,0.069565217
13/11/2024,22,408,176,12,0.029411765,0.068181818
13/11/2024,21,444,199,29,0.065315315,0.145728643
13/11/2024,20,463,208,20,0.043196544,0.096153846
13/11/2024,19,508,282,29,0.057086614,0.102836879
13/11/2024,18,478,243,19,0.039748954,0.0781893
13/11/2024,17,612,302,32,0.052287582,0.105960265
13/11/2024,16,592,307,47,0.079391892,0.153094463
13/11/2024,15,675,370,49,0.072592593,0.132432432
13/11/2024,14,687,394,66,0.096069869,0.16751269
13/11/2024,13,638,345,41,0.064263323,0.11884058
13/11/2024,12,672,357,52,0.077380952,0.145658263
13/11/2024,11,775,383,45,0.058064516,0.117493473
13/11/2024,10,817,385,50,0.06119951,0.12987013
13/11/2024,9,801,304,30,0.037453184,0.098684211
13/11/2024,8,649,212,12,0.018489985,0.056603774
13/11/2024,7,573,154,8,0.013961606,0.051948052
13/11/2024,6,399,81,6,0.015037594,0.074074074
13/11/2024,5,266,34,0,0,0
13/11/2024,4,233,23,0,0,0
13/11/2024,3,249,13,0,0,0
13/11/2024,2,322,35,1,0.00310559,0.028571429
13/11/2024,1,341,47,2,0.005865103,0.042553191
13/11/2024,0,514,65,6,0.011673152,0.092307692
14/11/2024,23,282,85,7,0.024822695,0.082352941
14/11/2024,22,361,191,20,0.055401662,0.104712042
14/11/2024,21,526,279,26,0.049429658,0.093189964
14/11/2024,20,500,228,22,0.044,0.096491228
14/11/2024,19,530,269,24,0.045283019,0.089219331
14/11/2024,18,505,273,30,0.059405941,0.10989011
14/11/2024,17,494,243,34,0.068825911,0.139917695
14/11/2024,16,574,310,37,0.06445993,0.119354839
14/11/2024,15,588,345,45,0.076530612,0.130434783
14/11/2024,14,669,354,59,0.08819133,0.166666667
14/11/2024,13,600,359,57,0.095,0.158774373
14/11/2024,12,653,324,42,0.06431853,0.12962963
14/11/2024,11,854,412,61,0.071428571,0.148058252
14/11/2024,10,854,358,44,0.051522248,0.122905028
14/11/2024,9,740,272,42,0.056756757,0.154411765
14/11/2024,8,686,207,14,0.020408163,0.06763285
14/11/2024,7,523,126,9,0.017208413,0.071428571
14/11/2024,6,350,46,4,0.011428571,0.086956522
14/11/2024,5,247,30,0,0,0
14/11/2024,4,225,24,0,0,0
14/11/2024,3,220,24,1,0.004545455,0.041666667
14/11/2024,2,449,23,1,0.002227171,0.043478261
14/11/2024,1,375,38,3,0.008,0.078947368
14/11/2024,0,429,50,1,0.002331002,0.02
15/11/2024,23,248,85,1,0.004032258,0.011764706
15/11/2024,22,275,102,9,0.032727273,0.088235294
15/11/2024,21,375,143,8,0.021333333,0.055944056
15/11/2024,20,410,191,10,0.024390244,0.052356021
15/11/2024,19,396,200,11,0.027777778,0.055
15/11/2024,18,438,203,20,0.0456621,0.098522167
15/11/2024,17,446,234,22,0.049327354,0.094017094
15/11/2024,16,530,294,36,0.067924528,0.12244898
15/11/2024,15,524,283,37,0.070610687,0.130742049
15/11/2024,14,628,355,42,0.066878981,0.118309859
15/11/2024,13,599,301,34,0.056761269,0.112956811
15/11/2024,12,710,327,48,0.067605634,0.146788991
15/11/2024,11,716,302,43,0.060055866,0.142384106
15/11/2024,10,824,334,49,0.059466019,0.146706587
15/11/2024,9,723,252,37,0.051175657,0.146825397
15/11/2024,8,603,152,16,0.026533997,0.105263158
15/11/2024,7,520,140,9,0.017307692,0.064285714
15/11/2024,6,343,63,6,0.017492711,0.095238095
15/11/2024,5,238,40,1,0.004201681,0.025
15/11/2024,4,185,21,1,0.005405405,0.047619048
15/11/2024,3,225,18,1,0.004444444,0.055555556
15/11/2024,2,228,40,5,0.021929825,0.125
15/11/2024,1,300,33,2,0.006666667,0.060606061
15/11/2024,0,372,46,1,0.002688172,0.02173913
16/11/2024,23,259,103,2,0.007722008,0.019417476
16/11/2024,22,293,133,7,0.023890785,0.052631579
16/11/2024,21,346,141,10,0.028901734,0.070921986
16/11/2024,20,344,146,8,0.023255814,0.054794521
16/11/2024,19,368,178,10,0.027173913,0.056179775
16/11/2024,18,416,184,10,0.024038462,0.054347826
16/11/2024,17,406,190,8,0.019704433,0.042105263
16/11/2024,16,476,246,25,0.052521008,0.101626016
16/11/2024,15,448,252,25,0.055803571,0.099206349
16/11/2024,14,482,266,16,0.033195021,0.060150376
16/11/2024,13,479,275,28,0.058455115,0.101818182
16/11/2024,12,564,271,29,0.05141844,0.10701107
16/11/2024,11,660,280,28,0.042424242,0.1
16/11/2024,10,707,251,17,0.024045262,0.067729084
16/11/2024,9,700,182,12,0.017142857,0.065934066
16/11/2024,8,542,132,10,0.018450185,0.075757576
16/11/2024,7,460,76,2,0.004347826,0.026315789
16/11/2024,6,323,44,2,0.00619195,0.045454545
16/11/2024,5,256,15,0,0,0
16/11/2024,4,245,20,0,0,0
16/11/2024,3,267,20,1,0.003745318,0.05
16/11/2024,2,287,22,0,0,0
16/11/2024,1,326,31,0,0,0
16/11/2024,0,403,70,0,0,0
17/11/2024,23,287,107,12,0.041811847,0.112149533
17/11/2024,22,384,187,9,0.0234375,0.048128342
17/11/2024,21,467,259,31,0.066381156,0.11969112
17/11/2024,20,487,259,23,0.047227926,0.088803089
17/11/2024,19,532,314,39,0.073308271,0.124203822
17/11/2024,18,509,327,16,0.031434185,0.048929664
17/11/2024,17,571,347,32,0.056042032,0.09221902
17/11/2024,16,555,332,33,0.059459459,0.09939759
17/11/2024,15,541,356,30,0.055452865,0.084269663
17/11/2024,14,537,336,27,0.05027933,0.080357143
17/11/2024,13,519,314,30,0.057803468,0.095541401
17/11/2024,12,532,296,26,0.04887218,0.087837838
17/11/2024,11,573,246,17,0.029668412,0.069105691
17/11/2024,10,627,226,21,0.033492823,0.092920354
17/11/2024,9,716,181,6,0.008379888,0.033149171
17/11/2024,8,549,129,6,0.010928962,0.046511628
17/11/2024,7,448,93,4,0.008928571,0.043010753
17/11/2024,6,257,32,1,0.003891051,0.03125
17/11/2024,5,246,14,0,0,0
17/11/2024,4,242,16,1,0.004132231,0.0625
17/11/2024,3,241,13,0,0,0
17/11/2024,2,250,43,1,0.004,0.023255814
17/11/2024,1,422,62,1,0.002369668,0.016129032
17/11/2024,0,567,76,5,0.008818342,0.065789474
18/11/2024,23,324,122,9,0.027777778,0.073770492
18/11/2024,22,427,215,14,0.032786885,0.065116279
18/11/2024,21,521,309,26,0.049904031,0.084142395
18/11/2024,20,594,355,28,0.047138047,0.078873239
18/11/2024,19,606,332,25,0.041254125,0.075301205
18/11/2024,18,599,325,29,0.048414023,0.089230769
18/11/2024,17,585,365,31,0.052991453,0.084931507
18/11/2024,16,700,408,52,0.074285714,0.12745098
18/11/2024,15,695,408,61,0.087769784,0.149509804
18/11/2024,14,799,510,71,0.088861076,0.139215686
18/11/2024,13,708,419,53,0.074858757,0.126491647
18/11/2024,12,746,480,58,0.077747989,0.120833333
18/11/2024,11,797,463,62,0.077791719,0.133909287
18/11/2024,10,844,444,67,0.079383886,0.150900901
18/11/2024,9,859,361,55,0.064027939,0.152354571
18/11/2024,8,660,208,33,0.05,0.158653846
18/11/2024,7,561,119,4,0.007130125,0.033613445
18/11/2024,6,427,68,6,0.014051522,0.088235294
18/11/2024,5,251,25,1,0.003984064,0.04
18/11/2024,4,237,21,0,0,0
18/11/2024,3,234,25,0,0,0
18/11/2024,2,277,15,2,0.007220217,0.133333333
18/11/2024,1,377,44,3,0.00795756,0.068181818
18/11/2024,0,582,66,7,0.012027491,0.106060606
19/11/2024,23,220,102,5,0.022727273,0.049019608
19/11/2024,22,362,184,18,0.049723757,0.097826087
19/11/2024,21,505,269,25,0.04950495,0.092936803
19/11/2024,20,515,280,33,0.06407767,0.117857143
19/11/2024,19,549,290,33,0.06010929,0.113793103
19/11/2024,18,544,314,36,0.066176471,0.114649682
19/11/2024,17,599,357,44,0.07345576,0.1232493
19/11/2024,16,604,388,53,0.087748344,0.136597938
19/11/2024,15,1028,388,49,0.04766537,0.12628866
19/11/2024,14,671,485,69,0.102831595,0.142268041
19/11/2024,13,657,399,50,0.076103501,0.125313283
19/11/2024,12,1451,415,59,0.040661613,0.142168675
19/11/2024,11,755,449,55,0.072847682,0.122494432
19/11/2024,10,829,426,62,0.074788902,0.145539906
19/11/2024,9,751,319,39,0.051930759,0.122257053
19/11/2024,8,779,278,19,0.024390244,0.068345324
19/11/2024,7,438,98,8,0.01826484,0.081632653
19/11/2024,6,387,85,1,0.002583979,0.011764706
19/11/2024,5,252,26,1,0.003968254,0.038461538
19/11/2024,4,548,257,0,0,0
19/11/2024,3,396,47,2,0.005050505,0.042553191
19/11/2024,2,846,338,3,0.003546099,0.00887574
19/11/2024,1,391,40,4,0.010230179,0.1
19/11/2024,0,553,57,2,0.003616637,0.035087719
20/11/2024,23,318,135,6,0.018867925,0.044444444
20/11/2024,22,423,213,16,0.037825059,0.075117371
20/11/2024,21,551,310,16,0.029038113,0.051612903
20/11/2024,20,572,326,42,0.073426573,0.128834356
20/11/2024,19,598,322,32,0.053511706,0.099378882
20/11/2024,18,574,267,28,0.048780488,0.104868914
20/11/2024,17,591,325,36,0.060913706,0.110769231
20/11/2024,16,690,373,46,0.066666667,0.123324397
20/11/2024,15,1039,385,48,0.046198268,0.124675325
20/11/2024,14,712,419,59,0.082865169,0.140811456
20/11/2024,13,692,407,51,0.073699422,0.125307125
20/11/2024,12,804,445,54,0.067164179,0.121348315
20/11/2024,11,772,432,64,0.082901554,0.148148148
20/11/2024,10,826,389,66,0.079903148,0.16966581
20/11/2024,9,882,361,39,0.044217687,0.108033241
20/11/2024,8,686,190,17,0.024781341,0.089473684
20/11/2024,7,535,115,15,0.028037383,0.130434783
20/11/2024,6,391,63,4,0.010230179,0.063492063
20/11/2024,5,197,28,1,0.005076142,0.035714286
20/11/2024,4,162,34,1,0.00617284,0.029411765
20/11/2024,3,168,37,3,0.017857143,0.081081081
20/11/2024,2,211,21,2,0.009478673,0.095238095
20/11/2024,1,263,36,2,0.007604563,0.055555556
20/11/2024,0,329,55,2,0.006079027,0.036363636
21/11/2024,23,318,102,8,0.025157233,0.078431373
21/11/2024,22,391,204,7,0.017902813,0.034313725
21/11/2024,21,486,272,26,0.053497942,0.095588235
21/11/2024,20,485,252,20,0.041237113,0.079365079
21/11/2024,19,523,272,28,0.053537285,0.102941176
21/11/2024,18,558,302,29,0.051971326,0.09602649
21/11/2024,17,596,302,26,0.043624161,0.086092715
21/11/2024,16,617,315,43,0.069692058,0.136507937
21/11/2024,15,644,389,43,0.066770186,0.110539846
21/11/2024,14,654,383,48,0.073394495,0.125326371
21/11/2024,13,765,432,50,0.065359477,0.115740741
21/11/2024,12,847,434,69,0.081463991,0.158986175
21/11/2024,11,852,427,59,0.069248826,0.138173302
21/11/2024,10,905,423,63,0.06961326,0.14893617
21/11/2024,9,863,325,37,0.042873696,0.113846154
21/11/2024,8,653,176,21,0.032159265,0.119318182
21/11/2024,7,559,143,8,0.01431127,0.055944056
21/11/2024,6,349,55,3,0.008595989,0.054545455
21/11/2024,5,254,27,0,0,0
21/11/2024,4,221,30,1,0.004524887,0.033333333
21/11/2024,3,203,25,3,0.014778325,0.12
21/11/2024,2,240,40,0,0,0
21/11/2024,1,274,34,1,0.003649635,0.029411765
21/11/2024,0,371,81,4,0.010781671,0.049382716
22/11/2024,23,198,74,7,0.035353535,0.094594595
22/11/2024,22,308,145,6,0.019480519,0.04137931
22/11/2024,21,314,204,16,0.050955414,0.078431373
22/11/2024,20,363,203,6,0.016528926,0.02955665
22/11/2024,19,356,203,9,0.025280899,0.044334975
22/11/2024,18,421,226,17,0.040380048,0.075221239
22/11/2024,17,468,261,24,0.051282051,0.091954023
22/11/2024,16,538,295,35,0.065055762,0.118644068
22/11/2024,15,618,381,45,0.072815534,0.118110236
22/11/2024,14,606,354,38,0.062706271,0.107344633
22/11/2024,13,613,330,36,0.058727569,0.109090909
22/11/2024,12,678,335,44,0.064896755,0.131343284
22/11/2024,11,767,401,47,0.061277705,0.117206983
22/11/2024,10,782,330,45,0.057544757,0.136363636
22/11/2024,9,800,353,37,0.04625,0.104815864
22/11/2024,8,595,170,16,0.026890756,0.094117647
22/11/2024,7,414,116,9,0.02173913,0.077586207
22/11/2024,6,256,68,2,0.0078125,0.029411765
22/11/2024,5,261,32,3,0.011494253,0.09375
22/11/2024,4,205,28,1,0.004878049,0.035714286
22/11/2024,3,201,26,2,0.009950249,0.076923077
22/11/2024,2,233,37,0,0,0
22/11/2024,1,297,59,1,0.003367003,0.016949153
22/11/2024,0,362,57,3,0.008287293,0.052631579
23/11/2024,23,223,112,1,0.004484305,0.008928571
23/11/2024,22,298,161,4,0.013422819,0.02484472
23/11/2024,21,328,180,6,0.018292683,0.033333333
23/11/2024,20,377,197,12,0.031830239,0.060913706
23/11/2024,19,347,204,22,0.063400576,0.107843137
23/11/2024,18,361,204,15,0.041551247,0.073529412
23/11/2024,17,456,251,18,0.039473684,0.071713147
23/11/2024,16,539,339,27,0.050092764,0.079646018
23/11/2024,15,495,321,28,0.056565657,0.087227414
23/11/2024,14,509,317,35,0.068762279,0.110410095
23/11/2024,13,599,371,33,0.05509182,0.088948787
23/11/2024,12,672,374,31,0.046130952,0.082887701
23/11/2024,11,785,364,40,0.050955414,0.10989011
23/11/2024,10,745,295,23,0.030872483,0.077966102
23/11/2024,9,790,297,19,0.024050633,0.063973064
23/11/2024,8,551,175,8,0.014519056,0.045714286
23/11/2024,7,333,91,3,0.009009009,0.032967033
23/11/2024,6,235,64,2,0.008510638,0.03125
23/11/2024,5,195,37,1,0.005128205,0.027027027
23/11/2024,4,146,19,0,0,0
23/11/2024,3,148,11,0,0,0
23/11/2024,2,173,27,0,0,0
23/11/2024,1,246,46,4,0.016260163,0.086956522
23/11/2024,0,269,68,0,0,0
24/11/2024,23,344,146,8,0.023255814,0.054794521
24/11/2024,22,439,239,18,0.041002278,0.075313808
24/11/2024,21,498,269,20,0.040160643,0.074349442
24/11/2024,20,525,298,23,0.043809524,0.077181208
24/11/2024,19,540,325,29,0.053703704,0.089230769
24/11/2024,18,617,334,33,0.053484603,0.098802395
24/11/2024,17,678,416,33,0.048672566,0.079326923
24/11/2024,16,621,355,41,0.066022544,0.115492958
24/11/2024,15,632,374,34,0.053797468,0.090909091
24/11/2024,14,589,311,41,0.069609508,0.131832797
24/11/2024,13,549,358,39,0.071038251,0.108938547
24/11/2024,12,615,389,32,0.05203252,0.082262211
24/11/2024,11,703,335,26,0.036984353,0.07761194
24/11/2024,10,955,278,27,0.028272251,0.097122302
24/11/2024,9,700,241,10,0.014285714,0.041493776
24/11/2024,8,562,133,8,0.014234875,0.060150376
24/11/2024,7,359,66,4,0.011142061,0.060606061
24/11/2024,6,271,36,4,0.014760148,0.111111111
24/11/2024,5,234,23,0,0,0
24/11/2024,4,227,25,0,0,0
24/11/2024,3,236,20,1,0.004237288,0.05
24/11/2024,2,262,29,2,0.007633588,0.068965517
24/11/2024,1,318,25,0,0,0
24/11/2024,0,394,58,2,0.005076142,0.034482759
25/11/2024,23,360,162,12,0.033333333,0.074074074
25/11/2024,22,517,283,23,0.044487427,0.081272085
25/11/2024,21,668,373,36,0.053892216,0.096514745
25/11/2024,20,689,396,36,0.052249637,0.090909091
25/11/2024,19,684,433,54,0.078947368,0.124711316
25/11/2024,18,687,405,45,0.065502183,0.111111111
25/11/2024,17,716,394,44,0.061452514,0.111675127
25/11/2024,16,757,444,48,0.06340819,0.108108108
25/11/2024,15,756,471,77,0.101851852,0.163481953
25/11/2024,14,859,576,80,0.093131548,0.138888889
25/11/2024,13,906,600,91,0.100441501,0.151666667
25/11/2024,12,989,591,71,0.071789687,0.120135364
25/11/2024,11,1022,505,73,0.071428571,0.144554455
25/11/2024,10,991,476,69,0.06962664,0.144957983
25/11/2024,9,974,375,47,0.04825462,0.125333333
25/11/2024,8,766,252,27,0.035248042,0.107142857
25/11/2024,7,513,139,13,0.025341131,0.09352518
25/11/2024,6,334,66,2,0.005988024,0.03030303
25/11/2024,5,263,39,1,0.003802281,0.025641026
25/11/2024,4,250,26,0,0,0
25/11/2024,3,210,20,0,0,0
25/11/2024,2,219,24,1,0.00456621,0.041666667
25/11/2024,1,306,47,2,0.006535948,0.042553191
25/11/2024,0,387,88,4,0.010335917,0.045454545
26/11/2024,23,366,172,12,0.032786885,0.069767442
26/11/2024,22,508,243,27,0.053149606,0.111111111
26/11/2024,21,636,342,32,0.050314465,0.093567251
26/11/2024,20,633,328,28,0.044233807,0.085365854
26/11/2024,19,636,348,45,0.070754717,0.129310345
26/11/2024,18,633,356,40,0.063191153,0.112359551
26/11/2024,17,696,399,48,0.068965517,0.120300752
26/11/2024,16,775,431,60,0.077419355,0.139211137
26/11/2024,15,725,461,57,0.07862069,0.123644252
26/11/2024,14,803,502,65,0.080946451,0.129482072
26/11/2024,13,821,448,59,0.071863581,0.131696429
26/11/2024,12,850,498,64,0.075294118,0.128514056
26/11/2024,11,1028,559,74,0.071984436,0.132379249
26/11/2024,10,883,465,68,0.077010193,0.146236559
26/11/2024,9,928,400,65,0.070043103,0.1625
26/11/2024,8,976,410,23,0.023565574,0.056097561
26/11/2024,7,617,153,11,0.017828201,0.071895425
26/11/2024,6,610,250,3,0.004918033,0.012
26/11/2024,5,298,25,0,0,0
26/11/2024,4,571,300,0,0,0
26/11/2024,3,319,92,1,0.003134796,0.010869565
26/11/2024,2,922,617,1,0.001084599,0.001620746
26/11/2024,1,382,49,3,0.007853403,0.06122449
26/11/2024,0,436,99,9,0.020642202,0.090909091
27/11/2024,23,384,174,14,0.036458333,0.08045977
27/11/2024,22,507,262,24,0.047337278,0.091603053
27/11/2024,21,632,322,38,0.060126582,0.118012422
27/11/2024,20,639,322,23,0.03599374,0.071428571
27/11/2024,19,646,346,35,0.054179567,0.101156069
27/11/2024,18,686,371,33,0.048104956,0.088948787
27/11/2024,17,827,388,38,0.045949214,0.097938144
27/11/2024,16,909,471,59,0.064906491,0.125265393
27/11/2024,15,921,491,54,0.058631922,0.109979633
27/11/2024,14,865,505,64,0.073988439,0.126732673
27/11/2024,13,776,450,60,0.077319588,0.133333333
27/11/2024,12,837,421,59,0.070489845,0.140142518
27/11/2024,11,932,498,70,0.075107296,0.140562249
27/11/2024,10,907,459,73,0.080485116,0.159041394
27/11/2024,9,913,404,58,0.063526835,0.143564356
27/11/2024,8,745,217,21,0.028187919,0.096774194
27/11/2024,7,574,126,8,0.013937282,0.063492063
27/11/2024,6,400,84,2,0.005,0.023809524
27/11/2024,5,296,47,1,0.003378378,0.021276596
27/11/2024,4,280,43,2,0.007142857,0.046511628
27/11/2024,3,256,33,1,0.00390625,0.03030303
27/11/2024,2,285,20,0,0,0
27/11/2024,1,362,58,1,0.002762431,0.017241379
27/11/2024,0,523,94,6,0.011472275,0.063829787
28/11/2024,23,357,110,13,0.036414566,0.118181818
28/11/2024,22,504,229,20,0.03968254,0.087336245
28/11/2024,21,630,326,27,0.042857143,0.082822086
28/11/2024,20,638,300,29,0.045454545,0.096666667
28/11/2024,19,680,361,41,0.060294118,0.113573407
28/11/2024,18,698,362,38,0.054441261,0.104972376
28/11/2024,17,686,356,41,0.059766764,0.115168539
28/11/2024,16,721,335,51,0.07073509,0.152238806
28/11/2024,15,798,426,57,0.071428571,0.133802817
28/11/2024,14,854,484,63,0.073770492,0.130165289
28/11/2024,13,811,431,58,0.071516646,0.134570766
28/11/2024,12,923,465,66,0.071505959,0.141935484
28/11/2024,11,988,474,66,0.066801619,0.139240506
28/11/2024,10,1054,469,73,0.069259962,0.15565032
28/11/2024,9,923,371,49,0.053087757,0.132075472
28/11/2024,8,762,250,19,0.024934383,0.076
28/11/2024,7,638,112,7,0.010971787,0.0625
28/11/2024,6,430,89,5,0.011627907,0.056179775
28/11/2024,5,359,89,3,0.008356546,0.033707865
28/11/2024,4,282,33,0,0,0
28/11/2024,3,290,26,1,0.003448276,0.038461538
28/11/2024,2,310,22,0,0,0
28/11/2024,1,371,57,3,0.008086253,0.052631579
28/11/2024,0,466,95,3,0.006437768,0.031578947
29/11/2024,23,374,108,2,0.005347594,0.018518519
29/11/2024,22,452,193,14,0.030973451,0.07253886
29/11/2024,21,496,201,10,0.02016129,0.049751244
29/11/2024,20,561,261,16,0.028520499,0.061302682
29/11/2024,19,555,248,26,0.046846847,0.10483871
29/11/2024,18,556,239,16,0.028776978,0.066945607
29/11/2024,17,602,291,30,0.049833887,0.103092784
29/11/2024,16,689,363,48,0.069666183,0.132231405
29/11/2024,15,774,419,53,0.068475452,0.126491647
29/11/2024,14,787,408,49,0.062261753,0.120098039
29/11/2024,13,741,400,49,0.066126856,0.1225
29/11/2024,12,729,387,51,0.069958848,0.131782946
29/11/2024,11,823,428,58,0.070473876,0.135514019
29/11/2024,10,1077,409,54,0.050139276,0.13202934
29/11/2024,9,841,330,42,0.049940547,0.127272727
29/11/2024,8,775,234,26,0.033548387,0.111111111
29/11/2024,7,624,165,8,0.012820513,0.048484848
29/11/2024,6,467,86,3,0.006423983,0.034883721
29/11/2024,5,363,44,1,0.002754821,0.022727273
29/11/2024,4,333,32,0,0,0
29/11/2024,3,318,27,1,0.003144654,0.037037037
29/11/2024,2,361,20,0,0,0
29/11/2024,1,522,33,1,0.001915709,0.03030303
29/11/2024,0,745,92,4,0.005369128,0.043478261
30/11/2024,23,366,133,8,0.021857923,0.060150376
30/11/2024,22,444,162,7,0.015765766,0.043209877
30/11/2024,21,514,211,7,0.013618677,0.033175355
30/11/2024,20,515,225,17,0.033009709,0.075555556
30/11/2024,19,514,215,24,0.046692607,0.111627907
30/11/2024,18,566,264,17,0.030035336,0.064393939
30/11/2024,17,539,227,18,0.033395176,0.079295154
30/11/2024,16,605,325,36,0.059504132,0.110769231
30/11/2024,15,652,325,31,0.047546012,0.095384615
30/11/2024,14,655,335,52,0.079389313,0.155223881
30/11/2024,13,687,319,38,0.055312955,0.119122257
30/11/2024,12,786,349,42,0.053435115,0.12034384
30/11/2024,11,843,380,50,0.059311981,0.131578947
30/11/2024,10,846,333,32,0.037825059,0.096096096
30/11/2024,9,799,329,31,0.038798498,0.094224924
30/11/2024,8,717,186,8,0.011157601,0.043010753
30/11/2024,7,523,121,5,0.009560229,0.041322314
30/11/2024,6,335,36,0,0,0
30/11/2024,5,290,30,0,0,0
30/11/2024,4,270,16,0,0,0
30/11/2024,3,267,13,0,0,0
30/11/2024,2,310,30,2,0.006451613,0.066666667
30/11/2024,1,406,50,0,0,0
30/11/2024,0,510,82,6,0.011764706,0.073170732
01/12/2024,23,393,146,19,0.048346056,0.130136986
01/12/2024,22,491,264,35,0.071283096,0.132575758
01/12/2024,21,627,381,33,0.052631579,0.086614173
01/12/2024,20,633,322,38,0.060031596,0.118012422
01/12/2024,19,650,394,40,0.061538462,0.101522843
01/12/2024,18,657,369,43,0.065449011,0.116531165
01/12/2024,17,662,387,42,0.063444109,0.108527132
01/12/2024,16,582,359,41,0.070446735,0.114206128
01/12/2024,15,648,392,38,0.058641975,0.096938776
01/12/2024,14,632,330,23,0.036392405,0.06969697
01/12/2024,13,668,288,35,0.05239521,0.121527778
01/12/2024,12,743,356,42,0.056527591,0.117977528
01/12/2024,11,773,308,33,0.042690815,0.107142857
01/12/2024,10,753,303,19,0.025232404,0.062706271
01/12/2024,9,715,226,20,0.027972028,0.088495575
01/12/2024,8,635,178,9,0.014173228,0.050561798
01/12/2024,7,438,94,4,0.00913242,0.042553191
01/12/2024,6,308,67,3,0.00974026,0.044776119
01/12/2024,5,240,22,2,0.008333333,0.090909091
01/12/2024,4,227,22,1,0.004405286,0.045454545
01/12/2024,3,249,30,0,0,0
01/12/2024,2,274,35,1,0.003649635,0.028571429
01/12/2024,1,322,47,2,0.00621118,0.042553191
01/12/2024,0,471,59,1,0.002123142,0.016949153
02/12/2024,23,365,177,19,0.052054795,0.107344633
02/12/2024,22,605,340,36,0.059504132,0.105882353
02/12/2024,21,691,419,44,0.063675832,0.105011933
02/12/2024,20,751,425,40,0.053262317,0.094117647
02/12/2024,19,748,481,60,0.080213904,0.124740125
02/12/2024,18,725,420,55,0.075862069,0.130952381
02/12/2024,17,842,469,74,0.087885986,0.157782516
02/12/2024,16,859,515,75,0.087310827,0.145631068
02/12/2024,15,882,531,79,0.089569161,0.148775895
02/12/2024,14,936,567,78,0.083333333,0.137566138
02/12/2024,13,963,637,92,0.095534787,0.144427002
02/12/2024,12,1015,585,87,0.085714286,0.148717949
02/12/2024,11,1058,575,105,0.099243856,0.182608696
02/12/2024,10,1082,520,86,0.07948244,0.165384615
02/12/2024,9,976,417,58,0.05942623,0.139088729
02/12/2024,8,799,273,35,0.043804756,0.128205128
02/12/2024,7,577,132,8,0.013864818,0.060606061
02/12/2024,6,383,77,5,0.01305483,0.064935065
02/12/2024,5,284,46,3,0.01056338,0.065217391
02/12/2024,4,238,29,0,0,0
02/12/2024,3,211,29,1,0.004739336,0.034482759
02/12/2024,2,258,20,1,0.003875969,0.05
02/12/2024,1,371,57,2,0.005390836,0.035087719
02/12/2024,0,467,84,8,0.017130621,0.095238095
03/12/2024,23,370,146,9,0.024324324,0.061643836
03/12/2024,22,623,331,43,0.069020867,0.129909366
03/12/2024,21,756,461,50,0.066137566,0.10845987
03/12/2024,20,773,497,57,0.07373868,0.114688129
03/12/2024,19,709,460,42,0.059238364,0.091304348
03/12/2024,18,769,429,50,0.065019506,0.116550117
03/12/2024,17,789,500,62,0.078580482,0.124
03/12/2024,16,835,522,72,0.086227545,0.137931034
03/12/2024,15,858,547,82,0.095571096,0.149908592
03/12/2024,14,888,560,88,0.099099099,0.157142857
03/12/2024,13,872,521,78,0.089449541,0.149712092
03/12/2024,12,974,526,81,0.083162218,0.153992395
03/12/2024,11,1017,533,98,0.096361849,0.183864916
03/12/2024,10,990,511,72,0.072727273,0.140900196
03/12/2024,9,996,395,61,0.06124498,0.15443038
03/12/2024,8,1083,550,35,0.032317636,0.063636364
03/12/2024,7,601,179,13,0.021630616,0.072625698
03/12/2024,6,435,119,7,0.016091954,0.058823529
03/12/2024,5,297,54,1,0.003367003,0.018518519
03/12/2024,4,412,179,0,0,0
03/12/2024,3,355,109,2,0.005633803,0.018348624
03/12/2024,2,702,376,1,0.001424501,0.002659574
03/12/2024,1,341,56,1,0.002932551,0.017857143
03/12/2024,0,461,86,7,0.015184382,0.081395349
04/12/2024,23,414,172,14,0.033816425,0.081395349
04/12/2024,22,646,371,39,0.060371517,0.105121294
04/12/2024,21,695,344,42,0.060431655,0.122093023
04/12/2024,20,767,453,47,0.061277705,0.103752759
04/12/2024,19,781,469,49,0.062740077,0.104477612
04/12/2024,18,740,434,60,0.081081081,0.138248848
04/12/2024,17,772,460,47,0.060880829,0.102173913
04/12/2024,16,869,509,77,0.088607595,0.151277014
04/12/2024,15,890,513,77,0.086516854,0.150097466
04/12/2024,14,910,527,74,0.081318681,0.140417457
04/12/2024,13,975,563,89,0.091282051,0.158081705
04/12/2024,12,912,476,65,0.07127193,0.136554622
04/12/2024,11,1016,548,95,0.093503937,0.173357664
04/12/2024,10,990,506,79,0.07979798,0.156126482
04/12/2024,9,1024,442,57,0.055664063,0.128959276
04/12/2024,8,783,288,40,0.051085568,0.138888889
04/12/2024,7,601,134,8,0.013311148,0.059701493
04/12/2024,6,421,125,7,0.016627078,0.056
04/12/2024,5,290,51,4,0.013793103,0.078431373
04/12/2024,4,227,44,1,0.004405286,0.022727273
04/12/2024,3,232,37,3,0.012931034,0.081081081
04/12/2024,2,257,32,1,0.003891051,0.03125
04/12/2024,1,294,36,1,0.003401361,0.027777778
04/12/2024,0,425,93,4,0.009411765,0.043010753
